Player,Year,Age,IP,Breaking PC,PC,FBv,SL%,CB%,SIv,Day to Day,10-day DL,15-day DL,60-day DL,Injured
"Colon, Bartolo",2017,44,143.0,166,2286,90.3,7.3,,87.1,0.0,0.0,0.0,0.0,No
"Sabathia, CC",2017,36,148.2,726,2340,89.2,31.1,,90.7,0.0,0.0,0.0,0.0,No
"Dickey, R.A.",2017,42,190.0,0,2924,83.6,,,,0.0,0.0,0.0,0.0,No
"Lackey, John",2017,38,170.2,205,2772,91.0,,7.4,90.7,0.0,0.0,0.0,0.0,No
"Wainwright, Adam",2017,35,123.1,556,2155,90.1,,26.2,89.7,0.0,0.0,0.0,0.0,No
"Greinke, Zack",2017,33,202.1,1116,3163,90.8,22.7,13.0,90.7,0.0,0.0,0.0,0.0,No
"Santana, Ervin",2017,34,211.1,1193,3235,93.2,36.9,,92.3,0.0,0.0,0.0,0.0,No
"Cain, Matt",2017,32,124.1,697,2083,89.3,10.7,23.1,89.0,0.0,0.0,0.0,0.0,No
"Hamels, Cole",2017,33,148.0,299,2312,92.1,,12.9,91.9,0.0,0.0,0.0,1.0,Yes
"Verlander, Justin",2017,34,206.0,1323,3531,95.3,21.5,16.0,95.6,0.0,0.0,0.0,0.0,No
"Jiménez, Ubaldo",2017,33,142.2,627,2587,90.8,20.0,4.3,90.4,0.0,0.0,0.0,0.0,No
"Hammel, Jason",2017,34,180.1,1395,3029,92.2,36.9,9.5,92.1,0.0,0.0,0.0,0.0,No
"Nolasco, Ricky",2017,34,181.0,1130,3091,91.0,27.3,9.3,90.8,0.0,0.0,0.0,0.0,No
"Chavez, Jesse",2017,33,138.0,556,2312,91.2,16.0,8.1,91.9,0.0,0.0,0.0,0.0,No
"Kluber, Corey",2017,31,203.2,824,2945,92.7,,28.1,92.5,1.0,0.0,0.0,0.0,Yes
"Hill, Rich",2017,37,135.2,870,2224,89.2,0.0,39.1,87.9,0.0,0.0,0.0,0.0,No
"Shields, James",2017,35,117.0,402,2016,90.2,,21.0,89.8,0.0,0.0,0.0,0.0,No
"Garcia, Jaime",2017,30,157.0,496,2430,90.8,13.6,6.9,90.8,0.0,0.0,0.0,0.0,No
"Morton, Charlie",2017,33,146.2,677,2387,95.7,,28.5,94.9,0.0,0.0,0.0,0.0,No
"Vargas, Jason",2017,34,179.2,593,2925,85.7,,20.3,85.6,0.0,0.0,0.0,0.0,No
"Gallardo, Yovani",2017,31,130.2,894,2291,92.4,21.6,17.6,92.0,0.0,0.0,0.0,0.0,No
"Lester, Jon",2017,33,180.2,410,3131,91.4,,13.1,90.3,0.0,0.0,0.0,0.0,No
"Kennedy, Ian",2017,32,154.0,735,2641,92.0,12.2,15.7,92.1,1.0,0.0,0.0,0.0,Yes
"Scherzer, Max",2017,32,200.2,911,3111,94.0,21.2,8.2,93.5,0.0,0.0,0.0,0.0,No
"Richard, Clayton",2017,33,197.1,612,3045,90.8,20.3,,90.1,0.0,0.0,0.0,0.0,No
"Arrieta, Jake",2017,31,168.1,771,2743,92.2,14.0,14.3,92.2,1.0,0.0,1.0,0.0,Yes
"Gonzalez, Miguel",2017,33,156.0,964,2531,90.9,21.4,16.7,91.3,0.0,0.0,0.0,0.0,No
"Cueto, Johnny",2017,31,147.1,580,2533,91.3,23.0,0.1,91.1,1.0,0.0,0.0,0.0,Yes
"Happ, J.A.",2017,34,145.1,436,2487,92.6,12.3,5.3,90.7,0.0,0.0,0.0,0.0,No
"Lynn, Lance",2017,30,186.1,151,3151,92.4,,4.8,91.4,0.0,0.0,0.0,0.0,No
"Tomlin, Josh",2017,32,141.0,500,2088,87.8,,24.1,87.7,0.0,0.0,0.0,0.0,No
"Pelfrey, Mike",2017,33,120.0,620,2291,92.7,12.2,15.0,91.9,0.0,0.0,0.0,0.0,No
"Gonzalez, Gio",2017,31,201.0,830,3364,90.0,,24.7,89.3,0.0,0.0,0.0,0.0,No
"Estrada, Marco",2017,33,186.0,251,3246,89.8,,7.7,,0.0,0.0,0.0,0.0,No
"Nova, Iván",2017,30,187.0,570,2677,93.1,,22.1,92.5,0.0,0.0,0.0,0.0,No
"Chacín, Jhoulys",2017,29,180.1,1142,2937,91.4,35.2,4.1,91.1,0.0,0.0,0.0,0.0,No
"Carrasco, Carlos",2017,30,200.0,1050,3058,94.3,16.6,18.0,93.4,1.0,0.0,0.0,0.0,Yes
"Hellickson, Jeremy",2017,30,164.0,329,2618,90.1,,12.6,90.2,0.0,0.0,0.0,0.0,No
"Kershaw, Clayton",2017,29,175.0,1260,2521,92.8,34.7,16.8,94.6,0.0,0.0,0.0,0.0,No
"Cashner, Andrew",2017,30,166.2,516,2636,93.8,11.3,8.3,93.1,2.0,0.0,0.0,0.0,Yes
"Miley, Wade",2017,30,157.1,657,3054,91.4,11.2,10.3,90.5,0.0,0.0,0.0,0.0,No
"Garza, Matt",2017,33,114.2,643,1910,92.0,23.2,10.5,91.5,0.0,0.0,0.0,0.0,No
"Ramírez, JC",2017,28,147.1,1123,2303,95.6,32.7,16.3,95.6,0.0,0.0,0.0,0.0,No
"Quintana, Jose",2017,28,188.2,699,3176,92.2,,22.1,92.1,0.0,0.0,0.0,0.0,No
"Archer, Chris",2017,28,201.0,1512,3406,95.5,44.5,,,0.0,0.0,0.0,0.0,No
"Gibson, Kyle",2017,29,158.0,719,2610,92.6,17.2,10.3,91.8,0.0,0.0,0.0,0.0,No
"Cobb, Alex",2017,29,179.1,969,2849,91.1,,34.1,91.7,0.0,0.0,0.0,0.0,No
"Samardzija, Jeff",2017,32,207.2,1090,3273,94.3,18.8,14.6,94.3,0.0,0.0,0.0,0.0,No
"Leake, Mike",2017,29,186.0,561,2779,90.6,14.0,6.7,90.2,0.0,0.0,0.0,0.0,No
"Anderson, Chase",2017,29,141.1,412,2254,93.2,,18.3,92.7,0.0,0.0,0.0,0.0,No
"Holland, Derek",2017,30,135.0,849,2460,91.3,12.0,22.5,91.0,0.0,0.0,0.0,0.0,No
"Peacock, Brad",2017,29,132.0,160,2248,92.6,,7.1,91.8,0.0,0.0,0.0,0.0,No
"Darvish, Yu",2017,30,186.2,183,3054,94.3,0.1,5.9,93.4,0.0,0.0,0.0,0.0,No
"Duffy, Danny",2017,28,146.1,676,2277,92.8,29.1,0.7,93.0,0.0,0.0,0.0,0.0,No
"Moore, Matt",2017,28,174.1,508,2875,91.9,,17.7,,0.0,0.0,0.0,0.0,No
"Nelson, Jimmy",2017,28,175.1,992,2752,94.1,16.5,19.5,93.7,0.0,0.0,0.0,0.0,No
"Pomeranz, Drew",2017,28,173.2,1125,3080,91.4,,36.9,89.2,0.0,0.0,0.0,0.0,No
"Porcello, Rick",2017,28,203.1,1093,3383,92.1,16.9,15.5,89.7,0.0,0.0,0.0,0.0,No
"Sale, Chris",2017,28,214.1,1127,3428,94.8,32.9,,93.6,0.0,0.0,0.0,0.0,No
"Zimmermann, Jordan",2017,31,160.0,1053,2644,92.2,24.3,15.6,92.4,1.0,0.0,1.0,0.0,Yes
"Pérez, Martín",2017,26,185.0,646,3097,93.2,9.6,11.3,93.0,0.0,0.0,0.0,0.0,No
"Teheran, Julio",2017,26,188.1,879,3074,91.4,19.7,9.0,91.1,0.0,0.0,0.0,0.0,No
"Adleman, Tim",2017,29,122.1,316,2088,90.0,,15.2,90.0,0.0,0.0,0.0,0.0,No
"Ramírez, Erasmo",2017,27,131.1,219,1998,92.2,10.7,0.3,91.5,0.0,0.0,0.0,0.0,No
"Chatwood, Tyler",2017,27,147.2,271,2461,94.8,,11.0,94.3,0.0,0.0,0.0,0.0,No
"Cole, Gerrit",2017,26,203.0,966,3298,95.9,17.4,12.1,95.6,0.0,0.0,0.0,0.0,No
"Gray, Sonny",2017,27,162.1,790,2664,93.4,16.3,13.6,91.7,0.0,0.0,0.0,0.0,No
"Hendricks, Kyle",2017,27,139.2,180,2276,86.0,,7.9,85.7,0.0,0.0,0.0,0.0,No
"Montgomery, Mike",2017,27,130.2,495,2075,92.3,,23.9,,0.0,0.0,0.0,0.0,No
"Odorizzi, Jake",2017,27,143.1,426,2627,91.5,10.4,5.8,,0.0,0.0,0.0,0.0,No
"Roark, Tanner",2017,30,181.1,1010,3216,92.5,16.5,15.0,92.2,0.0,0.0,0.0,0.0,No
"Strasburg, Stephen",2017,28,175.1,738,2742,95.4,5.8,21.8,95.0,0.0,0.0,0.0,0.0,No
"Bauer, Trevor",2017,26,176.1,947,3148,94.1,,30.1,93.5,0.0,0.0,0.0,0.0,No
"Tanaka, Masahiro",2017,28,178.1,1059,2810,92.3,31.8,5.9,91.4,0.0,0.0,0.0,0.0,No
"Ryu, Hyun Jin",2017,30,126.2,416,2128,90.4,4.0,15.7,89.6,0.0,0.0,0.0,0.0,No
"Ureña, José",2017,25,169.2,684,2882,95.8,23.8,,95.5,0.0,0.0,0.0,0.0,No
"Boyd, Matthew",2017,26,135.0,694,2356,92.6,11.6,18.1,91.5,0.0,0.0,0.0,0.0,No
"Corbin, Patrick",2017,27,189.2,1155,3084,92.3,37.6,,92.2,0.0,0.0,0.0,0.0,No
"Fiers, Mike",2017,32,153.1,652,2630,89.5,5.5,19.3,89.5,0.0,0.0,0.0,0.0,No
"Paxton, James",2017,28,136.0,484,2268,95.5,,21.4,,0.0,0.0,0.0,0.0,No
"Keuchel, Dallas",2017,29,145.2,411,2194,88.8,18.8,,88.7,0.0,0.0,0.0,0.0,No
"Straily, Dan",2017,28,181.2,979,3085,90.5,29.1,3.0,90.3,0.0,0.0,0.0,0.0,No
"Stroman, Marcus",2017,26,201.0,25,3140,94.0,,0.8,93.3,0.0,0.0,0.0,0.0,No
"Foltynewicz, Mike",2017,25,154.0,942,2770,95.3,22.5,11.6,95.3,0.0,0.0,0.0,0.0,No
"Gausman, Kevin",2017,26,186.2,465,3357,94.9,13.9,,90.4,0.0,0.0,0.0,0.0,No
"Ray, Robbie",2017,25,162.0,1105,2715,94.2,21.2,19.6,93.4,0.0,0.0,0.0,0.0,No
"Taillon, Jameson",2017,25,133.2,602,2322,95.3,,26.0,95.0,1.0,0.0,0.0,0.0,Yes
"Walker, Taijuan",2017,24,157.1,343,2743,93.7,,12.5,93.1,0.0,0.0,0.0,0.0,No
"Williams, Trevor",2017,25,150.1,442,2423,92.7,16.3,1.9,90.3,0.0,0.0,0.0,0.0,No
"Martinez, Carlos",2017,25,205.0,858,3132,96.3,25.9,1.6,94.9,0.0,0.0,0.0,0.0,No
"Rodriguez, Eduardo",2017,24,137.1,194,2462,93.2,7.9,,92.4,0.0,0.0,0.0,0.0,No
"deGrom, Jacob",2017,29,201.1,1018,3168,95.2,22.2,10.0,94.7,2.0,0.0,0.0,1.0,Yes
"Eickhoff, Jerad",2017,26,128.0,1064,2133,90.4,17.2,32.8,90.2,0.0,0.0,0.0,0.0,No
"Pivetta, Nick",2017,24,133.0,728,2439,94.5,15.1,14.8,93.8,0.0,0.0,0.0,0.0,No
"Bundy, Dylan",2017,24,169.2,923,2819,92.2,22.5,10.3,91.8,0.0,0.0,0.0,0.0,No
"Cotton, Jharel",2017,25,129.0,673,2173,93.2,22.5,8.6,92.7,2.0,0.0,0.0,0.0,Yes
"Davies, Zach",2017,24,191.1,475,3089,,,15.5,89.7,0.0,0.0,0.0,0.0,No
"Fulmer, Michael",2017,24,164.2,14,2479,95.6,0.1,0.5,95.9,1.0,0.0,0.0,0.0,Yes
"Nola, Aaron",2017,24,168.0,820,2665,92.3,,30.8,91.4,0.0,0.0,0.0,0.0,No
"Snell, Blake",2017,24,129.1,542,2278,94.3,13.8,10.1,,0.0,0.0,0.0,0.0,No
"Perdomo, Luis",2017,24,163.2,817,2558,94.3,32.0,,93.9,0.0,0.0,0.0,0.0,No
"Montero, Rafael",2017,26,119.0,551,2219,93.9,24.9,,93.1,0.0,0.0,0.0,0.0,No
"Gsellman, Robert",2017,23,119.2,556,2049,93.1,15.6,11.5,92.7,0.0,0.0,0.0,0.0,No
"Biagini, Joe",2017,27,119.2,415,1936,93.3,,21.5,93.8,0.0,0.0,0.0,0.0,No
"Freeland, Kyle",2017,24,156.0,754,2573,92.2,25.7,3.8,91.8,0.0,0.0,0.0,0.0,No
"Wacha, Michael",2017,25,165.2,308,2690,95.1,,11.5,95.1,0.0,0.0,0.0,0.0,No
"Márquez, Germán",2017,22,162.0,774,2661,95.0,3.8,25.4,94.3,0.0,0.0,0.0,0.0,No
"McCullers Jr., Lance",2017,23,118.2,952,2014,94.2,,47.6,94.1,0.0,0.0,0.0,0.0,No
"Berríos, José",2017,23,145.2,0,2388,93.9,,,93.2,0.0,0.0,0.0,0.0,No
"Blach, Ty",2017,26,163.2,409,2519,89.7,5.8,10.5,90.1,0.0,0.0,0.0,0.0,No
"Wood, Alex",2017,26,152.1,544,2260,,,24.2,91.9,0.0,0.0,0.0,0.0,No
"Senzatela, Antonio",2017,22,134.2,558,2217,94.3,22.1,3.1,,0.0,0.0,0.0,0.0,No
"Severino, Luis",2017,23,193.1,1081,3082,97.5,35.1,,,0.0,0.0,0.0,0.0,No
"Maeda, Kenta",2017,29,134.1,837,2181,92.0,24.5,14.0,90.4,0.0,0.0,0.0,0.0,No
"Manaea, Sean",2017,25,158.2,465,2688,,17.4,,91.7,1.0,0.0,0.0,1.0,Yes
"Kuhl, Chad",2017,24,157.1,717,2686,95.6,20.6,6.2,95.3,0.0,0.0,0.0,0.0,No
"Godley, Zack",2017,27,155.0,868,2436,90.7,,35.9,91.5,0.0,0.0,0.0,0.0,No
"Montgomery, Jordan",2017,24,155.1,990,2527,91.9,13.1,26.1,91.7,0.0,0.0,0.0,0.0,No
"Miranda, Aríel",2017,28,160.0,681,2662,92.1,25.6,,,0.0,0.0,0.0,0.0,No
"Colon, Bartolo",2018,45,146.1,164,2228,89.3,7.4,,86.9,2.0,0.0,0.0,0.0,Yes
"Sabathia, CC",2018,37,153.0,774,2507,90.2,30.9,,90.1,0.0,0.0,0.0,0.0,No
"Greinke, Zack",2018,34,207.2,905,3212,89.5,17.7,11.2,90.0,0.0,0.0,0.0,0.0,No
"Hamels, Cole",2018,34,190.2,550,3061,92.4,4.9,13.1,91.4,1.0,0.0,0.0,0.0,Yes
"Hernandez, Felix",2018,32,155.2,832,2565,89.6,4.0,28.5,89.2,0.0,1.0,0.0,0.0,Yes
"Verlander, Justin",2018,35,214.0,1257,3427,95.0,22.3,14.5,,0.0,0.0,0.0,0.0,No
"Liriano, Francisco",2018,34,133.2,750,2265,91.9,33.0,0.2,92.0,1.0,0.0,0.0,0.0,Yes
"Hammel, Jason",2018,35,127.0,916,2073,91.9,37.7,6.6,91.7,0.0,0.0,0.0,0.0,No
"Sánchez, Aníbal",2018,34,136.2,301,2130,90.4,4.9,9.3,91.1,0.0,0.0,0.0,0.0,No
"Kluber, Corey",2018,32,215.0,691,3181,92.0,,22.5,92.0,1.0,0.0,0.0,0.0,Yes
"Hill, Rich",2018,38,132.2,757,2104,89.4,0.2,35.8,86.8,0.0,0.0,0.0,0.0,No
"Shields, James",2018,36,204.2,629,3306,89.5,,19.7,89.0,0.0,0.0,0.0,0.0,No
"Guerra, Junior",2018,33,141.0,340,2306,93.1,12.4,2.4,93.4,0.0,0.0,0.0,0.0,No
"Morton, Charlie",2018,34,167.0,786,2688,96.1,,29.3,95.1,0.0,0.0,0.0,0.0,No
"Lester, Jon",2018,34,181.2,489,3121,91.0,,15.7,90.2,0.0,0.0,0.0,0.0,No
"Kennedy, Ian",2018,33,119.2,429,2060,91.9,1.5,19.4,91.6,0.0,0.0,0.0,0.0,No
"LeBlanc, Wade",2018,33,162.0,222,2448,86.2,0.1,9.0,86.3,0.0,0.0,0.0,0.0,No
"Scherzer, Max",2018,33,220.2,851,3493,94.4,16.6,7.9,,0.0,0.0,0.0,0.0,No
"Richard, Clayton",2018,34,158.2,675,2387,90.3,28.4,,90.0,0.0,0.0,0.0,0.0,No
"Arrieta, Jake",2018,32,172.2,936,2760,92.4,23.6,10.3,93.0,0.0,0.0,0.0,0.0,No
"Price, David",2018,32,176.0,79,2716,92.7,,2.9,92.7,2.0,0.0,0.0,0.0,Yes
"Happ, J.A.",2018,35,177.2,439,3051,92.3,12.7,1.7,90.4,0.0,0.0,0.0,0.0,No
"Lynn, Lance",2018,31,156.2,267,2942,93.7,,9.1,92.3,0.0,0.0,0.0,0.0,No
"Gonzalez, Gio",2018,32,171.0,624,3022,90.1,,20.7,89.3,0.0,0.0,0.0,0.0,No
"Estrada, Marco",2018,34,143.2,191,2500,88.5,,7.6,,0.0,0.0,0.0,0.0,No
"Nova, Iván",2018,31,161.0,533,2529,93.0,,21.1,92.7,0.0,0.0,0.0,0.0,No
"Chacín, Jhoulys",2018,30,192.2,1361,3008,89.9,44.8,0.5,90.2,0.0,0.0,0.0,0.0,No
"Carrasco, Carlos",2018,31,192.0,1121,2970,93.7,31.7,7.3,93.0,0.0,0.0,0.0,0.0,No
"Ross, Tyson",2018,31,149.2,1034,2499,90.8,41.4,,91.0,0.0,0.0,0.0,0.0,No
"Kershaw, Clayton",2018,30,161.1,1382,2364,90.8,42.1,16.4,91.1,0.0,0.0,0.0,0.0,No
"Cashner, Andrew",2018,31,153.0,700,2649,93.0,12.9,13.6,91.9,0.0,0.0,0.0,1.0,Yes
"Quintana, Jose",2018,29,174.1,697,2908,91.5,,24.1,91.5,0.0,0.0,0.0,0.0,No
"Minor, Mike",2018,30,157.0,812,2552,92.8,21.1,10.8,92.7,0.0,0.0,0.0,0.0,No
"Archer, Chris",2018,29,148.1,1080,2505,94.6,41.7,1.5,94.8,0.0,0.0,0.0,0.0,No
"Gibson, Kyle",2018,30,196.2,1013,3243,93.1,20.8,10.5,92.9,0.0,0.0,0.0,0.0,No
"Cobb, Alex",2018,30,152.1,535,2437,92.5,,22.0,91.9,2.0,0.0,0.0,0.0,Yes
"Leake, Mike",2018,30,185.2,611,2798,89.1,11.0,10.9,88.8,1.0,0.0,0.0,0.0,Yes
"Anderson, Chase",2018,30,158.0,466,2602,92.5,,17.9,91.9,0.0,0.0,0.0,0.0,No
"Holland, Derek",2018,31,171.1,995,2908,,21.8,12.5,91.5,0.0,0.0,0.0,0.0,No
"Bettis, Chad",2018,29,120.1,241,1926,90.4,,12.5,91.3,0.0,0.0,0.0,0.0,No
"Bumgarner, Madison",2018,28,129.2,466,2053,90.8,,22.8,90.6,0.0,0.0,0.0,0.0,No
"Duffy, Danny",2018,29,155.0,713,2785,93.0,16.2,9.5,93.3,0.0,0.0,0.0,1.0,Yes
"Harvey, Matt",2018,29,155.0,745,2535,93.8,24.0,5.5,94.2,0.0,0.0,0.0,0.0,No
"Porcello, Rick",2018,29,191.1,1190,3096,91.3,24.4,14.0,89.8,0.0,0.0,0.0,0.0,No
"Sale, Chris",2018,29,158.0,872,2525,95.2,34.5,,93.2,0.0,0.0,0.0,0.0,No
"Zimmermann, Jordan",2018,32,131.1,1020,2076,91.2,33.2,16.0,90.8,0.0,0.0,0.0,0.0,No
"Teheran, Julio",2018,27,175.2,798,2802,89.9,21.8,6.7,89.4,1.0,0.0,0.0,0.0,Yes
"Anderson, Tyler",2018,28,176.0,107,2853,91.9,,3.8,91.1,1.0,0.0,0.0,0.0,Yes
"Cole, Gerrit",2018,27,200.1,1275,3257,96.5,19.9,19.2,96.3,0.0,0.0,0.0,0.0,No
"Gaviglio, Sam",2018,28,123.2,695,2041,,28.4,5.7,88.0,0.0,0.0,0.0,0.0,No
"Gray, Sonny",2018,28,130.1,582,2249,93.3,3.7,23.0,93.0,0.0,0.0,0.0,0.0,No
"Hendricks, Kyle",2018,28,199.0,231,3051,87.3,,7.6,86.6,0.0,0.0,0.0,0.0,No
"Montgomery, Mike",2018,28,124.0,424,1947,91.3,,21.8,91.5,0.0,0.0,0.0,0.0,No
"Odorizzi, Jake",2018,28,164.1,771,3077,91.1,21.0,4.9,,0.0,0.0,0.0,0.0,No
"Roark, Tanner",2018,31,180.1,788,2958,91.5,12.7,14.0,91.4,0.0,0.0,0.0,0.0,No
"Strasburg, Stephen",2018,29,130.0,608,2161,94.6,8.7,19.5,93.9,0.0,0.0,0.0,0.0,No
"Bauer, Trevor",2018,27,175.1,775,2853,94.5,0.5,26.7,94.4,0.0,0.0,0.0,0.0,No
"Tanaka, Masahiro",2018,29,156.0,890,2398,91.8,33.2,3.9,90.6,0.0,0.0,0.0,0.0,No
"Stripling, Ross",2018,28,122.0,905,1999,91.8,25.2,21.7,,0.0,0.0,0.0,0.0,No
"Wheeler, Zack",2018,28,182.1,303,2884,95.8,,10.5,96.1,0.0,0.0,0.0,0.0,No
"Ureña, José",2018,26,174.0,647,2776,95.6,21.6,1.8,95.8,0.0,0.0,0.0,0.0,No
"Boyd, Matthew",2018,27,170.1,1233,2860,90.5,30.9,12.3,90.1,0.0,0.0,0.0,0.0,No
"Corbin, Patrick",2018,28,200.0,1578,3142,90.8,41.0,9.3,90.8,0.0,0.0,0.0,0.0,No
"Fiers, Mike",2018,33,172.0,887,2683,89.4,17.4,15.8,89.2,0.0,0.0,0.0,0.0,No
"Heaney, Andrew",2018,27,180.0,695,2755,,,25.2,91.9,0.0,0.0,0.0,0.0,No
"Matz, Steven",2018,27,154.0,651,2693,93.6,8.5,15.7,93.4,0.0,0.0,0.0,0.0,No
"Mikolas, Miles",2018,29,200.2,1419,3004,94.1,25.9,21.4,93.5,0.0,0.0,0.0,0.0,No
"Paxton, James",2018,29,160.1,560,2603,95.4,,21.6,,0.0,1.0,0.0,0.0,Yes
"Skaggs, Tyler",2018,26,125.1,605,2166,91.5,,28.2,90.8,1.0,0.0,0.0,0.0,Yes
"Keuchel, Dallas",2018,30,204.2,608,3310,89.7,18.4,,89.1,0.0,0.0,0.0,0.0,No
"Straily, Dan",2018,29,122.1,719,2136,90.4,32.9,0.7,90.3,0.0,0.0,0.0,0.0,No
"Covey, Dylan",2018,26,121.2,431,2053,94.6,11.7,9.3,94.1,0.0,0.0,0.0,0.0,No
"Foltynewicz, Mike",2018,26,183.0,1136,3041,96.3,27.3,10.0,96.5,0.0,0.0,0.0,0.0,No
"Gausman, Kevin",2018,27,183.2,431,3004,93.6,14.4,,,0.0,0.0,0.0,0.0,No
"Gray, Jon",2018,26,172.1,1359,2800,94.7,34.0,14.7,95.0,0.0,0.0,0.0,0.0,No
"Ray, Robbie",2018,26,123.2,1050,2287,93.6,25.5,20.5,93.8,0.0,0.0,0.0,0.0,No
"Syndergaard, Noah",2018,25,154.1,739,2412,97.6,20.9,9.8,97.3,0.0,0.0,0.0,0.0,No
"Taillon, Jameson",2018,26,191.0,1124,2960,95.2,18.4,19.7,95.2,0.0,0.0,0.0,0.0,No
"Velasquez, Vince",2018,26,146.2,756,2471,94.0,14.9,15.7,92.5,0.0,0.0,0.0,0.0,No
"Williams, Trevor",2018,26,170.2,416,2723,91.1,15.1,0.2,88.6,0.0,0.0,0.0,0.0,No
"Martinez, Carlos",2018,26,118.2,495,1974,95.1,22.4,2.7,92.6,1.0,0.0,0.0,0.0,Yes
"Rodriguez, Eduardo",2018,25,129.2,167,2313,93.3,7.2,,93.2,0.0,0.0,0.0,0.0,No
"deGrom, Jacob",2018,30,217.0,1025,3212,96.0,24.0,7.9,95.5,0.0,0.0,0.0,0.0,No
"Gonzales, Marco",2018,26,166.2,571,2564,90.1,,22.3,,0.0,0.0,0.0,0.0,No
"Junis, Jakob",2018,25,177.0,1158,2838,91.3,34.2,6.6,90.6,0.0,0.0,0.0,0.0,No
"Weaver, Luke",2018,24,136.1,304,2386,93.7,,12.7,92.1,1.0,0.0,0.0,0.0,Yes
"Pivetta, Nick",2018,25,164.0,1093,2846,94.8,16.9,21.9,94.7,0.0,0.0,0.0,0.0,No
"Bundy, Dylan",2018,25,171.2,965,2844,91.6,25.4,8.6,91.5,0.0,0.0,0.0,0.0,No
"Clevinger, Mike",2018,27,200.0,1075,3265,93.6,21.1,11.8,,0.0,0.0,0.0,0.0,No
"Fulmer, Michael",2018,25,132.1,482,2152,95.9,22.5,,95.7,0.0,0.0,0.0,0.0,No
"Nola, Aaron",2018,25,212.1,992,3212,92.7,,30.9,91.4,0.0,0.0,0.0,0.0,No
"Snell, Blake",2018,25,180.2,854,2918,95.8,9.1,20.2,,0.0,0.0,0.0,0.0,No
"Suárez, Andrew",2018,25,160.1,923,2492,92.2,23.9,13.3,92.0,0.0,0.0,0.0,0.0,No
"Rodón, Carlos",2018,25,120.2,516,1966,92.9,26.2,,93.3,0.0,0.0,0.0,0.0,No
"Romano, Sal",2018,24,145.2,699,2404,93.9,28.2,1.0,94.1,0.0,0.0,0.0,0.0,No
"Freeland, Kyle",2018,25,202.1,1100,3250,91.8,29.3,4.6,90.6,0.0,0.0,0.0,0.0,No
"Giolito, Lucas",2018,23,173.1,747,3007,92.4,14.8,10.1,92.4,0.0,0.0,0.0,0.0,No
"Márquez, Germán",2018,23,196.0,1203,3121,95.4,15.8,22.7,94.1,0.0,0.0,0.0,0.0,No
"Stratton, Chris",2018,27,145.0,677,2455,91.1,12.7,15.0,90.7,0.0,0.0,0.0,0.0,No
"Chen, Wei-Yin",2018,32,133.1,713,2224,91.1,22.1,10.3,90.6,0.0,0.0,0.0,0.0,No
"Eflin, Zach",2018,24,128.0,624,2040,94.6,24.9,5.7,93.0,0.0,0.0,0.0,2.0,Yes
"Buehler, Walker",2018,23,137.1,598,2173,96.2,15.2,13.6,96.1,0.0,0.0,0.0,0.0,No
"McCullers Jr., Lance",2018,24,128.1,982,2108,93.8,,46.6,94.2,0.0,0.0,0.0,0.0,No
"Berríos, José",2018,24,192.1,1,3068,93.4,,0.0,92.8,0.0,0.0,0.0,0.0,No
"Blach, Ty",2018,27,118.2,306,1879,,5.1,11.2,90.0,0.0,0.0,0.0,0.0,No
"Wood, Alex",2018,27,151.2,750,2443,90.4,,30.7,89.9,0.0,0.0,0.0,0.0,No
"Castillo, Luis",2018,25,169.2,455,2778,95.8,16.4,,95.6,0.0,0.0,0.0,0.0,No
"Severino, Luis",2018,24,191.1,1132,3152,97.6,36.0,,,0.0,0.0,0.0,0.0,No
"López, Reynaldo",2018,24,188.2,731,3084,95.5,17.9,5.8,93.5,0.0,0.0,0.0,0.0,No
"Maeda, Kenta",2018,30,125.1,798,2051,91.9,29.5,11.1,91.2,0.0,0.0,0.0,0.0,No
"Manaea, Sean",2018,26,160.2,295,2371,,12.4,0.2,90.4,0.0,0.0,0.0,0.0,No
"Keller, Brad",2018,22,140.1,584,2234,94.3,26.2,,93.1,0.0,0.0,0.0,0.0,No
"Lauer, Eric",2018,23,112.0,357,2026,91.2,7.1,11.5,,0.0,0.0,0.0,0.0,No
"Mahle, Tyler",2018,23,112.0,432,2071,92.4,20.5,0.5,,0.0,0.0,0.0,0.0,No
"Yarbrough, Ryan",2018,26,147.1,265,2398,89.3,,11.1,89.8,0.0,0.0,0.0,0.0,No
"Barria, Jaime",2018,21,129.1,782,2171,91.3,36.0,,90.9,0.0,0.0,0.0,0.0,No
"Godley, Zack",2018,28,178.1,1212,3008,89.2,,40.3,89.9,0.0,0.0,0.0,0.0,No
"Flaherty, Jack",2018,22,151.0,1063,2587,93.2,29.9,11.2,91.1,0.0,0.0,0.0,0.0,No
"Newcomb, Sean",2018,25,164.0,542,2921,93.0,4.3,14.3,,0.0,0.0,0.0,0.0,No
"Lucchesi, Joey",2018,25,130.0,736,2158,,,35.8,90.4,0.0,0.0,0.0,0.0,No
"Richards, Trevor",2018,25,126.1,290,2232,90.7,13.0,,,0.0,0.0,0.0,0.0,No
"Wainwright, Adam",2019,37,171.2,1025,2876,89.6,,36.8,90.0,1.0,0.0,0.0,0.0,Yes
"Greinke, Zack",2019,35,208.2,956,3113,89.9,16.2,14.8,90.4,0.0,0.0,0.0,0.0,No
"Hamels, Cole",2019,35,141.2,299,2394,91.4,,12.5,91.1,1.0,0.0,0.0,0.0,Yes
"Verlander, Justin",2019,36,223.0,1489,3448,94.6,28.7,17.3,,0.0,0.0,0.0,0.0,No
"Sánchez, Aníbal",2019,35,166.0,234,2690,90.2,2.8,6.0,90.4,0.0,0.0,0.0,0.0,No
"Morton, Charlie",2019,35,194.2,1172,3139,94.7,,37.4,93.9,0.0,0.0,0.0,0.0,No
"Vargas, Jason",2019,36,149.2,380,2505,84.2,,15.2,84.2,0.0,0.0,0.0,0.0,No
"Lester, Jon",2019,35,171.2,468,3043,90.6,,15.4,89.5,1.0,0.0,0.0,0.0,Yes
"LeBlanc, Wade",2019,34,121.1,213,1955,86.3,,10.9,86.1,0.0,0.0,0.0,0.0,No
"Scherzer, Max",2019,34,172.1,813,2770,94.9,20.7,8.7,,1.0,0.0,0.0,0.0,Yes
"Arrieta, Jake",2019,33,135.2,556,2192,91.9,12.0,13.4,92.5,0.0,0.0,0.0,0.0,No
"Bailey, Homer",2019,33,163.1,648,2836,93.0,14.2,8.9,92.7,0.0,0.0,0.0,0.0,No
"Happ, J.A.",2019,36,161.1,492,2696,92.0,17.4,0.8,89.6,1.0,0.0,0.0,0.0,Yes
"Lynn, Lance",2019,32,208.1,327,3553,94.6,,9.5,92.8,0.0,0.0,0.0,0.0,No
"Nova, Iván",2019,32,187.0,504,3005,92.5,,16.8,92.3,0.0,0.0,0.0,0.0,No
"Anderson, Brett",2019,31,176.0,642,2659,89.4,18.7,5.5,90.7,0.0,0.0,0.0,0.0,No
"Kershaw, Clayton",2019,31,178.1,1429,2672,90.3,39.1,16.4,,0.0,0.0,0.0,0.0,No
"Cashner, Andrew",2019,32,150.0,600,2511,93.9,13.1,10.8,91.9,1.0,0.0,0.0,0.0,Yes
"Miley, Wade",2019,32,167.1,294,2968,90.8,1.0,9.3,89.5,0.0,0.0,0.0,0.0,No
"Quintana, Jose",2019,30,171.0,599,2826,91.4,,21.9,91.3,0.0,0.0,0.0,0.0,No
"Pineda, Michael",2019,30,146.0,641,2278,92.5,29.4,,91.9,0.0,0.0,0.0,0.0,No
"Minor, Mike",2019,31,208.1,1034,3358,92.5,19.4,11.4,,0.0,0.0,0.0,0.0,No
"Archer, Chris",2019,30,119.2,788,2098,94.1,35.6,2.0,93.9,0.0,0.0,0.0,0.0,No
"Gibson, Kyle",2019,31,160.0,927,2764,93.4,20.8,12.8,93.2,0.0,0.0,0.0,0.0,No
"Samardzija, Jeff",2019,34,181.1,616,3006,91.6,18.1,2.5,92.2,0.0,0.0,0.0,0.0,No
"Leake, Mike",2019,31,197.0,608,2975,88.6,12.6,7.9,88.3,0.0,0.0,0.0,0.0,No
"Anderson, Chase",2019,31,139.0,236,2392,93.3,,10.3,93.3,0.0,0.0,0.0,0.0,No
"Darvish, Yu",2019,32,178.2,1079,2848,94.2,31.0,7.0,94.1,1.0,0.0,0.0,0.0,Yes
"Bumgarner, Madison",2019,29,207.2,594,3244,91.4,,18.3,92.2,0.0,0.0,0.0,0.0,No
"Duffy, Danny",2019,30,130.2,764,2161,92.3,26.3,9.0,92.1,0.0,0.0,0.0,0.0,No
"Kelly, Merrill",2019,30,183.1,632,2962,92.0,,21.4,91.5,0.0,0.0,0.0,0.0,No
"Porcello, Rick",2019,30,174.1,923,2960,91.0,18.6,12.6,89.5,0.0,0.0,0.0,0.0,No
"Sale, Chris",2019,30,147.1,947,2466,93.4,38.4,,92.2,0.0,0.0,0.0,0.0,No
"Zimmermann, Jordan",2019,33,112.0,953,1866,90.5,31.6,19.5,90.3,0.0,0.0,0.0,0.0,No
"Pérez, Martín",2019,28,165.1,131,2772,94.2,,4.7,93.9,0.0,0.0,0.0,0.0,No
"Teheran, Julio",2019,28,174.2,832,3036,89.7,21.0,6.5,89.3,0.0,0.0,0.0,0.0,No
"Cole, Gerrit",2019,28,212.1,1297,3362,97.1,23.2,15.4,97.1,1.0,0.0,0.0,0.0,Yes
"DeSclafani, Anthony",2019,29,166.2,1018,2668,94.7,24.3,15.1,94.5,0.0,0.0,0.0,0.0,No
"Gray, Sonny",2019,29,175.1,708,2909,93.3,0.4,25.2,93.2,0.0,0.0,0.0,0.0,No
"Hendricks, Kyle",2019,29,177.0,263,2698,87.2,,9.8,86.7,0.0,0.0,0.0,0.0,No
"Lyles, Jordan",2019,28,141.0,976,2456,92.6,9.7,31.3,91.7,0.0,0.0,0.0,0.0,No
"Odorizzi, Jake",2019,29,159.0,181,2787,92.9,,6.5,,0.0,0.0,0.0,0.0,No
"Roark, Tanner",2019,32,165.1,998,2992,92.1,21.8,12.8,91.9,0.0,0.0,0.0,0.0,No
"Strasburg, Stephen",2019,30,209.0,1049,3384,93.9,0.4,30.7,93.7,0.0,0.0,0.0,0.0,No
"Bauer, Trevor",2019,28,213.0,726,3687,94.5,,19.7,94.8,0.0,0.0,0.0,0.0,No
"Tanaka, Masahiro",2019,30,182.0,1103,2787,91.5,36.4,3.2,90.4,0.0,0.0,0.0,0.0,No
"Ryu, Hyun Jin",2019,32,182.2,338,2706,90.7,0.3,12.2,90.1,0.0,0.0,0.0,0.0,No
"Wheeler, Zack",2019,29,195.1,314,3159,96.8,,9.9,96.5,0.0,0.0,0.0,0.0,No
"Boyd, Matthew",2019,28,185.1,1246,3118,92.1,36.2,4.0,90.3,0.0,0.0,0.0,0.0,No
"Corbin, Patrick",2019,29,202.0,1339,3299,91.8,37.1,3.5,91.8,0.0,0.0,0.0,0.0,No
"Fiers, Mike",2019,34,184.2,996,2899,90.4,17.7,17.4,90.2,0.0,0.0,0.0,0.0,No
"Matz, Steven",2019,28,160.1,792,2702,,14.5,14.8,93.3,0.0,0.0,0.0,0.0,No
"Mikolas, Miles",2019,30,184.0,1257,2867,93.7,23.4,21.4,93.4,0.0,0.0,0.0,0.0,No
"Paxton, James",2019,30,150.2,503,2665,95.4,,18.9,,0.0,0.0,0.0,0.0,No
"Stroman, Marcus",2019,28,184.1,32,3047,93.0,,1.1,92.5,1.0,0.0,0.0,0.0,Yes
"Kikuchi, Yusei",2019,28,161.2,1142,2721,92.5,28.0,15.4,,0.0,0.0,0.0,0.0,No
"Gray, Jon",2019,27,150.0,1058,2373,96.0,33.5,11.1,95.4,1.0,0.0,0.0,0.0,Yes
"Ray, Robbie",2019,27,174.1,1445,3064,92.4,30.8,16.5,92.2,0.0,0.0,0.0,0.0,No
"Sampson, Adrian",2019,27,125.1,684,2056,,33.2,0.1,92.5,0.0,0.0,0.0,0.0,No
"Sanchez, Aaron",2019,26,131.1,532,2305,93.4,,23.1,93.8,0.0,0.0,0.0,0.0,No
"Smith, Caleb",2019,27,153.1,840,2661,91.6,31.6,,,0.0,0.0,0.0,0.0,No
"Smyly, Drew",2019,30,114.0,622,2130,,,29.2,91.2,0.0,0.0,0.0,0.0,No
"Syndergaard, Noah",2019,26,197.2,764,3095,97.8,15.2,9.5,97.5,0.0,0.0,0.0,0.0,No
"Velasquez, Vince",2019,27,117.1,683,2120,94.2,20.0,12.2,92.0,0.0,0.0,0.0,0.0,No
"Williams, Trevor",2019,27,145.2,488,2327,91.7,20.1,0.9,89.6,1.0,0.0,0.0,0.0,Yes
"Germán, Domingo",2019,26,143.0,812,2247,93.4,,36.1,94.0,0.0,0.0,0.0,0.0,No
"Rodriguez, Eduardo",2019,26,203.1,195,3495,93.0,2.4,3.2,93.0,0.0,0.0,0.0,0.0,No
"deGrom, Jacob",2019,31,204.0,1115,3297,96.9,32.0,2.9,96.7,0.0,0.0,0.0,1.0,Yes
"Gonzales, Marco",2019,27,203.0,502,3232,88.9,,15.9,,0.0,0.0,0.0,0.0,No
"Beede, Tyler",2019,26,117.0,510,2028,94.2,11.5,13.7,95.6,0.0,0.0,0.0,0.0,No
"Junis, Jakob",2019,26,175.1,1278,2926,91.7,29.7,14.1,91.0,0.0,0.0,0.0,0.0,No
"Norris, Daniel",2019,26,144.1,692,2361,90.8,22.8,6.5,90.3,0.0,0.0,0.0,0.0,No
"Bassitt, Chris",2019,30,144.0,312,2430,94.0,0.1,12.8,93.2,0.0,0.0,0.0,0.0,No
"Bundy, Dylan",2019,26,161.2,908,2778,91.1,22.8,9.9,91.3,0.0,0.0,0.0,0.0,No
"Davies, Zach",2019,26,159.2,115,2680,,0.7,3.5,88.4,0.0,0.0,0.0,0.0,No
"López, Jorge",2019,26,123.2,786,2060,94.3,6.0,32.2,93.8,0.0,0.0,0.0,0.0,No
"Musgrove, Joe",2019,26,170.1,838,2657,92.7,22.1,9.5,91.5,1.0,0.0,0.0,0.0,Yes
"Nola, Aaron",2019,26,202.1,1174,3332,93.1,,35.2,92.2,0.0,0.0,0.0,0.0,No
"Turnbull, Spencer",2019,26,148.1,871,2661,93.6,20.7,12.1,94.1,0.0,0.0,0.0,0.0,No
"Means, John",2019,26,155.0,435,2681,91.8,14.4,1.8,,0.0,0.0,0.0,0.0,No
"Fried, Max",2019,25,165.2,1085,2670,93.8,15.9,24.7,93.6,0.0,0.0,0.0,0.0,No
"Giolito, Lucas",2019,24,176.2,530,2814,94.2,14.7,4.1,,0.0,0.0,0.0,0.0,No
"Wacha, Michael",2019,27,126.2,227,2199,93.0,,10.3,93.2,0.0,0.0,0.0,0.0,No
"Márquez, Germán",2019,24,174.0,1167,2616,95.7,21.1,23.5,94.7,0.0,0.0,0.0,0.0,No
"Eflin, Zach",2019,25,163.1,928,2571,93.8,30.7,5.4,93.1,0.0,0.0,0.0,0.0,No
"Buehler, Walker",2019,24,182.1,742,2838,96.5,14.2,12.0,96.6,0.0,0.0,0.0,0.0,No
"Berríos, José",2019,25,200.1,19,3132,93.1,,0.6,92.1,0.0,0.0,0.0,0.0,No
"Castillo, Luis",2019,26,190.2,519,3158,96.4,16.9,,96.5,0.0,0.0,0.0,0.0,No
"Senzatela, Antonio",2019,24,124.2,674,2237,93.7,19.5,10.6,,0.0,0.0,0.0,0.0,No
"López, Reynaldo",2019,25,184.0,842,3163,95.4,18.3,8.4,,0.0,0.0,0.0,0.0,No
"Maeda, Kenta",2019,31,153.2,935,2433,92.1,31.1,7.3,91.9,0.0,0.0,0.0,0.0,No
"Chirinos, Yonny",2019,25,133.1,428,1985,94.3,21.6,,93.9,0.0,0.0,0.0,0.0,No
"Hudson, Dakota",2019,24,174.2,1014,2848,93.9,25.7,10.0,93.5,0.0,0.0,0.0,0.0,No
"Keller, Brad",2019,23,165.1,851,2711,93.7,31.4,,92.9,0.0,0.0,0.0,0.0,No
"Lauer, Eric",2019,24,149.2,545,2510,91.8,8.0,13.7,,0.0,0.0,0.0,0.0,No
"Mahle, Tyler",2019,24,129.2,495,2211,93.3,,23.2,,0.0,0.0,0.0,0.0,No
"Sparkman, Glenn",2019,27,136.0,600,2275,93.4,9.8,16.6,,0.0,0.0,0.0,0.0,No
"Yarbrough, Ryan",2019,27,141.2,278,2057,88.1,,13.5,88.4,0.0,0.0,0.0,0.0,No
"Jurado, Ariel",2019,23,122.1,490,2047,93.1,15.0,8.9,92.0,0.0,0.0,0.0,0.0,No
"Brault, Steven",2019,27,113.1,142,2001,92.1,6.0,1.0,91.3,0.0,0.0,0.0,0.0,No
"Alcantara, Sandy",2019,23,197.1,930,3091,95.6,21.5,8.6,95.3,0.0,0.0,0.0,0.0,No
"Soroka, Michael",2019,21,174.2,619,2557,92.9,24.2,,92.3,0.0,0.0,0.0,0.0,No
"Flaherty, Jack",2019,23,196.1,1259,3179,94.3,27.6,12.1,92.0,0.0,0.0,0.0,0.0,No
"Thornton, Trent",2019,25,154.1,787,2759,92.9,27.1,1.4,91.9,0.0,0.0,0.0,0.0,No
"Paddack, Chris",2019,23,140.2,238,2280,93.9,,10.4,,1.0,0.0,0.0,0.0,Yes
"Lucchesi, Joey",2019,26,163.2,927,2643,,,35.1,90.1,0.0,0.0,0.0,0.0,No
"Bieber, Shane",2019,24,214.1,1514,3332,93.1,26.5,20.5,93.7,0.0,0.0,0.0,0.0,No
"Richards, Trevor",2019,26,135.1,166,2290,90.8,,7.3,,0.0,0.0,0.0,0.0,No
"Wainwright, Adam",2020,38,65.2,356,930,89.2,,38.3,89.3,0.0,0.0,0.0,0.0,No
"Greinke, Zack",2020,36,67.0,331,1060,88.1,17.0,16.6,89.7,0.0,0.0,0.0,0.0,No
"Sánchez, Aníbal",2020,36,53.0,64,971,89.3,0.4,6.2,89.6,0.0,0.0,0.0,0.0,No
"Lester, Jon",2020,36,61.0,129,1008,89.4,,12.8,88.4,0.0,0.0,0.0,0.0,No
"Scherzer, Max",2020,35,67.1,344,1213,94.7,19.3,9.1,,0.0,0.0,0.0,0.0,No
"Arrieta, Jake",2020,34,44.1,222,729,91.9,23.2,7.3,92.0,0.0,0.0,0.0,0.0,No
"Cueto, Johnny",2020,34,63.1,332,1145,91.4,9.9,19.8,90.9,0.0,0.0,0.0,0.0,No
"Happ, J.A.",2020,37,49.1,156,787,91.6,18.7,1.1,89.3,0.0,0.0,0.0,0.0,No
"Lindblom, Josh",2020,33,45.1,209,793,90.1,16.9,9.5,,0.0,0.0,0.0,0.0,No
"Lynn, Lance",2020,33,84.0,119,1408,94.0,,9.1,92.0,0.0,0.0,0.0,0.0,No
"Carrasco, Carlos",2020,33,68.0,370,1101,93.7,27.1,6.5,92.3,0.0,0.0,0.0,0.0,No
"Anderson, Brett",2020,32,47.0,162,752,90.2,11.0,10.5,89.7,1.0,0.0,0.0,0.0,Yes
"Kershaw, Clayton",2020,32,58.1,524,888,91.6,40.2,18.8,,1.0,0.0,0.0,0.0,Yes
"Minor, Mike",2020,32,56.2,266,979,90.6,20.7,6.4,88.2,0.0,0.0,0.0,0.0,No
"Gibson, Kyle",2020,32,67.1,368,1139,92.4,24.6,7.7,92.2,0.0,0.0,0.0,0.0,No
"Cobb, Alex",2020,32,52.1,135,807,92.9,,16.7,92.5,0.0,0.0,0.0,0.0,No
"Darvish, Yu",2020,33,76.0,549,1153,95.9,36.2,11.7,95.2,0.0,0.0,0.0,0.0,No
"Bumgarner, Madison",2020,30,41.2,161,710,88.4,,22.7,88.2,0.0,0.0,0.0,0.0,No
"Duffy, Danny",2020,31,56.1,295,943,92.2,17.2,14.1,92.1,1.0,0.0,0.0,0.0,Yes
"Porcello, Rick",2020,31,59.0,337,983,91.6,29.2,5.1,90.1,0.0,0.0,0.0,0.0,No
"Pérez, Martín",2020,29,62.0,97,1033,92.2,,9.4,91.9,0.0,0.0,0.0,0.0,No
"Anderson, Tyler",2020,30,59.2,18,954,90.3,,1.9,89.5,0.0,0.0,0.0,0.0,No
"Cole, Gerrit",2020,29,73.0,501,1203,96.7,24.6,17.0,96.0,0.0,0.0,0.0,0.0,No
"Eovaldi, Nathan",2020,30,48.1,146,748,97.3,2.5,17.0,,0.0,0.0,0.0,0.0,No
"Gray, Sonny",2020,30,56.0,275,968,93.0,,28.4,92.9,0.0,0.0,0.0,0.0,No
"Hendricks, Kyle",2020,30,81.1,192,1162,87.4,,16.7,87.3,0.0,0.0,0.0,0.0,No
"Lyles, Jordan",2020,29,57.2,422,993,92.3,12.7,29.8,91.8,0.0,0.0,0.0,0.0,No
"Roark, Tanner",2020,33,47.2,296,901,90.7,18.2,14.7,90.5,0.0,0.0,0.0,0.0,No
"Bauer, Trevor",2020,29,73.0,183,1165,93.5,,15.7,94.1,0.0,0.0,0.0,0.0,No
"Tanaka, Masahiro",2020,31,48.0,335,769,92.3,37.7,5.9,91.5,0.0,0.0,0.0,0.0,No
"Ryu, Hyun Jin",2020,33,67.0,149,1132,89.8,,13.2,89.1,0.0,0.0,0.0,0.0,No
"Stripling, Ross",2020,30,49.1,317,815,91.7,15.0,23.9,91.6,1.0,0.0,0.0,0.0,Yes
"Wheeler, Zack",2020,30,71.0,109,1078,96.9,,10.1,96.6,1.0,0.0,0.0,0.0,Yes
"Boyd, Matthew",2020,29,60.1,327,1086,91.7,22.7,7.5,90.5,0.0,0.0,0.0,0.0,No
"Corbin, Patrick",2020,30,65.2,452,1068,90.2,40.3,2.1,90.1,0.0,0.0,0.0,0.0,No
"Fiers, Mike",2020,35,59.0,363,916,88.0,27.4,12.2,88.2,0.0,0.0,0.0,0.0,No
"Heaney, Andrew",2020,29,66.2,269,1085,91.5,,24.8,,0.0,0.0,0.0,0.0,No
"Richards, Garrett",2020,32,51.1,357,788,95.1,37.8,7.5,95.3,0.0,0.0,0.0,0.0,No
"Keuchel, Dallas",2020,32,63.1,63,960,88.3,6.6,,87.2,0.0,0.0,0.0,0.0,No
"Kikuchi, Yusei",2020,29,47.0,127,795,95.0,16.0,,,1.0,0.0,0.0,0.0,Yes
"Gausman, Kevin",2020,29,59.2,66,975,95.1,6.8,,,1.0,0.0,0.0,0.0,Yes
"Ray, Robbie",2020,28,51.2,493,1064,93.9,29.4,16.9,93.3,0.0,0.0,0.0,0.0,No
"Walker, Taijuan",2020,27,53.1,279,884,93.2,21.6,10.1,93.1,0.0,0.0,0.0,0.0,No
"Williams, Trevor",2020,28,55.1,343,1017,91.5,26.6,7.1,89.7,0.0,0.0,0.0,0.0,No
"Montas, Frankie",2020,27,53.0,229,914,95.9,25.1,,95.6,0.0,0.0,0.0,0.0,No
"deGrom, Jacob",2020,32,68.0,433,1135,98.6,35.5,2.6,,1.0,0.0,0.0,0.0,Yes
"Gonzales, Marco",2020,28,69.2,170,1057,88.2,,16.1,,0.0,0.0,0.0,0.0,No
"Weaver, Luke",2020,26,52.0,105,968,94.0,3.9,6.9,,0.0,0.0,0.0,0.0,No
"Bassitt, Chris",2020,31,63.0,100,946,93.3,1.2,9.4,92.6,0.0,0.0,0.0,0.0,No
"Bundy, Dylan",2020,27,65.2,374,1018,90.0,25.0,11.7,90.7,0.0,0.0,0.0,0.0,No
"Davies, Zach",2020,27,69.1,30,1055,,,2.8,88.5,0.0,0.0,0.0,0.0,No
"Houser, Adrian",2020,27,56.0,225,922,93.8,12.3,12.1,93.2,0.0,0.0,0.0,0.0,No
"Nola, Aaron",2020,27,71.1,306,1148,92.8,,26.7,91.8,0.0,0.0,0.0,0.0,No
"Snell, Blake",2020,27,50.0,258,872,95.0,15.1,14.4,,0.0,0.0,0.0,0.0,No
"Turnbull, Spencer",2020,27,56.2,240,963,93.7,20.9,4.0,94.8,0.0,0.0,0.0,0.0,No
"Woodruff, Brandon",2020,27,73.2,210,1211,96.6,10.9,6.4,96.3,0.0,0.0,0.0,0.0,No
"Glasnow, Tyler",2020,26,57.1,335,964,96.9,,34.8,,0.0,0.0,0.0,0.0,No
"Fedde, Erick",2020,27,50.1,156,850,93.3,,18.4,93.4,0.0,0.0,0.0,0.0,No
"Freeland, Kyle",2020,27,70.2,478,1124,92.1,23.7,18.9,91.4,0.0,0.0,0.0,0.0,No
"Fried, Max",2020,26,56.0,388,899,93.1,20.7,22.5,92.5,0.0,0.0,0.0,0.0,No
"Giolito, Lucas",2020,25,72.1,191,1214,94.0,14.7,1.0,,0.0,0.0,0.0,0.0,No
"Márquez, Germán",2020,25,81.2,518,1226,95.9,16.9,25.4,94.7,0.0,0.0,0.0,0.0,No
"Voth, Austin",2020,28,49.2,210,895,92.0,,23.5,,0.0,0.0,0.0,0.0,No
"Eflin, Zach",2020,26,59.0,305,913,94.3,20.3,13.1,93.7,0.0,0.0,0.0,0.0,No
"McCullers Jr., Lance",2020,26,55.0,332,884,93.0,,37.6,93.8,0.0,0.0,0.0,0.0,No
"Mills, Alec",2020,28,62.1,237,945,89.8,10.1,15.0,89.9,0.0,0.0,0.0,0.0,No
"Berríos, José",2020,26,63.0,0,1102,94.5,,,94.0,0.0,0.0,0.0,0.0,No
"Young, Alex",2020,26,46.1,196,797,91.2,,24.6,90.4,0.0,0.0,0.0,0.0,No
"Castillo, Luis",2020,27,70.0,204,1153,97.4,17.7,,97.5,0.0,0.0,0.0,0.0,No
"Senzatela, Antonio",2020,25,73.1,383,1136,94.3,24.8,8.9,,0.0,0.0,0.0,0.0,No
"Castellani, Ryan",2020,24,43.1,262,757,92.5,17.6,17.0,89.5,0.0,0.0,0.0,0.0,No
"Maeda, Kenta",2020,32,66.2,416,986,91.6,38.7,3.4,90.8,0.0,0.0,0.0,0.0,No
"Urías, Julio",2020,23,55.0,74,875,94.2,5.5,3.0,94.0,0.0,0.0,0.0,0.0,No
"Manaea, Sean",2020,28,54.0,98,812,,12.1,,90.4,0.0,0.0,0.0,0.0,No
"López, Pablo",2020,24,57.1,63,903,93.9,,7.0,93.4,0.0,0.0,0.0,0.0,No
"Keller, Brad",2020,24,54.2,328,858,92.8,38.2,,92.3,0.0,0.0,0.0,0.0,No
"Kuhl, Chad",2020,27,46.1,411,789,93.7,34.9,17.2,94.0,0.0,0.0,0.0,0.0,No
"Mahle, Tyler",2020,25,47.2,284,852,93.9,32.6,0.7,,0.0,0.0,0.0,0.0,No
"Yarbrough, Ryan",2020,28,55.2,89,834,87.3,,10.7,88.7,0.0,0.0,0.0,0.0,No
"Dunn, Justin",2020,24,45.2,314,801,91.2,16.5,22.7,91.1,0.0,0.0,0.0,0.0,No
"Civale, Aaron",2020,25,74.0,368,1201,91.2,9.5,21.2,91.8,0.0,0.0,0.0,0.0,No
"Canning, Griffin",2020,24,56.1,232,965,92.8,22.7,1.3,,0.0,0.0,0.0,0.0,No
"Cease, Dylan",2020,24,58.1,428,1085,97.5,30.1,9.3,,0.0,0.0,0.0,0.0,No
"Montgomery, Jordan",2020,27,44.0,165,747,92.6,,22.1,92.5,0.0,0.0,0.0,0.0,No
"Peterson, David",2020,24,49.2,228,812,92.1,25.9,2.2,91.8,0.0,0.0,0.0,0.0,No
"Sheffield, Justus",2020,24,55.1,295,880,92.5,33.5,,91.9,0.0,0.0,0.0,0.0,No
"Webb, Logan",2020,23,54.1,0,998,93.1,,,91.8,0.0,0.0,0.0,0.0,No
"Lamet, Dinelson",2020,27,69.0,559,1046,97.0,53.4,,97.0,0.0,0.0,0.0,0.0,No
"Bubic, Kris",2020,22,50.0,148,932,91.4,,15.9,,0.0,0.0,0.0,0.0,No
"Singer, Brady",2020,23,64.1,401,1071,92.9,37.4,,93.3,0.0,0.0,0.0,0.0,No
"Paddack, Chris",2020,24,59.0,71,963,94.1,,7.4,,0.0,0.0,0.0,0.0,No
"Brubaker, JT",2020,26,47.1,370,804,93.4,32.4,13.7,93.8,0.0,0.0,0.0,0.0,No
"Valdez, Framber",2020,26,70.2,351,1049,93.7,,33.5,93.0,0.0,0.0,0.0,0.0,No
"Javier, Cristian",2020,23,54.1,264,889,92.2,25.5,4.3,,0.0,0.0,0.0,0.0,No
"Luzardo, Jesús",2020,22,59.0,214,940,95.5,22.8,,95.4,0.0,0.0,0.0,0.0,No
"Plesac, Zach",2020,25,55.1,289,776,92.7,28.0,9.3,,0.0,0.0,0.0,0.0,No
"Gallen, Zac",2020,24,72.0,192,1117,93.2,1.1,16.1,92.9,0.0,0.0,0.0,0.0,No
"May, Dustin",2020,22,56.0,115,866,99.1,,13.3,97.9,0.0,0.0,0.0,0.0,No
"Burnes, Corbin",2020,25,59.2,220,1010,96.1,12.7,9.1,96.0,0.0,0.0,0.0,0.0,No
"Bieber, Shane",2020,25,77.1,469,1238,94.1,11.6,26.3,,0.0,0.0,0.0,0.0,No
"Dobnak, Randy",2020,25,46.2,264,748,92.9,35.3,,91.4,0.0,0.0,0.0,0.0,No
"Wainwright, Adam",2021,39,206.1,1034,3068,89.0,,34.1,89.1,0.0,0.0,0.0,0.0,No
"Greinke, Zack",2021,37,171.0,812,2577,88.9,15.2,16.7,89.5,0.0,0.0,0.0,0.0,No
"Hill, Rich",2021,41,158.2,951,2496,88.1,0.5,37.8,84.8,0.0,0.0,0.0,0.0,No
"Morton, Charlie",2021,37,185.2,1096,2987,95.5,,36.7,94.6,0.0,0.0,0.0,0.0,No
"Lester, Jon",2021,37,141.1,201,2380,88.7,,8.4,87.6,0.0,0.0,0.0,0.0,No
"Scherzer, Max",2021,36,179.1,806,2821,94.3,18.8,9.8,,1.0,0.0,1.0,0.0,Yes
"Happ, J.A.",2021,38,152.1,438,2674,91.0,15.1,1.3,89.1,0.0,0.0,0.0,0.0,No
"Lynn, Lance",2021,34,157.0,76,2608,94.0,0.0,3.0,92.4,0.0,0.0,0.0,0.0,No
"Miley, Wade",2021,34,163.0,227,2592,89.9,5.3,3.5,88.7,0.0,0.0,0.0,0.0,No
"Minor, Mike",2021,33,158.2,984,2621,90.9,21.9,15.7,,0.0,0.0,0.0,0.0,No
"Gibson, Kyle",2021,33,182.0,720,2881,92.8,15.9,9.1,92.3,0.0,0.0,0.0,0.0,No
"Darvish, Yu",2021,34,166.1,1091,2769,94.5,31.0,8.5,94.0,0.0,0.0,0.0,0.0,No
"Bumgarner, Madison",2021,31,146.1,493,2294,90.4,,21.7,89.8,0.0,0.0,0.0,0.0,No
"Harvey, Matt",2021,32,127.2,743,2232,93.4,19.3,14.0,92.9,0.0,0.0,0.0,0.0,No
"Kelly, Merrill",2021,32,158.0,438,2425,91.7,,18.1,91.6,0.0,0.0,0.0,0.0,No
"Pérez, Martín",2021,30,114.0,157,1860,93.4,,8.4,92.8,0.0,0.0,0.0,0.0,No
"Anderson, Tyler",2021,31,167.0,40,2602,90.6,0.9,0.7,88.9,0.0,0.0,0.0,0.0,No
"Cole, Gerrit",2021,30,181.1,1124,2969,97.7,22.2,15.7,97.7,0.0,0.0,0.0,0.0,No
"DeSclafani, Anthony",2021,31,167.2,1121,2558,94.1,35.7,8.1,94.0,0.0,0.0,0.0,0.0,No
"Eovaldi, Nathan",2021,31,182.1,952,2927,96.8,13.8,18.8,,0.0,0.0,0.0,0.0,No
"Gray, Sonny",2021,31,135.1,612,2228,92.3,4.8,23.2,92.4,0.0,0.0,0.0,0.0,No
"Hendricks, Kyle",2021,31,181.0,329,2809,87.3,,11.7,87.3,1.0,0.0,0.0,0.0,Yes
"Lyles, Jordan",2021,30,180.0,811,2964,93.0,9.2,18.2,91.6,0.0,0.0,0.0,0.0,No
"Ryu, Hyun Jin",2021,34,169.0,352,2689,89.9,0.5,12.6,89.3,0.0,0.0,0.0,0.0,No
"Wheeler, Zack",2021,31,213.1,342,3205,97.2,,10.7,96.7,0.0,0.0,0.0,0.0,No
"Corbin, Patrick",2021,31,171.2,1084,2750,92.3,38.4,1.0,92.6,0.0,0.0,0.0,0.0,No
"Heaney, Andrew",2021,30,129.2,509,2330,92.0,0.6,22.0,,0.0,0.0,0.0,0.0,No
"Matz, Steven",2021,30,150.2,634,2557,,8.2,16.6,94.5,0.0,0.0,0.0,0.0,No
"Richards, Garrett",2021,33,136.2,920,2331,94.3,27.4,12.2,95.6,0.0,0.0,0.0,0.0,No
"Keuchel, Dallas",2021,33,162.0,192,2726,89.0,7.0,,87.8,0.0,0.0,0.0,0.0,No
"Stroman, Marcus",2021,30,179.0,55,2741,92.6,1.6,0.4,91.9,0.0,0.0,0.0,0.0,No
"Kikuchi, Yusei",2021,30,157.0,484,2562,95.1,18.9,,,0.0,0.0,0.0,0.0,No
"Foltynewicz, Mike",2021,29,139.0,810,2236,93.8,23.7,12.6,93.1,0.0,0.0,0.0,0.0,No
"Gausman, Kevin",2021,30,192.0,186,3002,94.6,6.2,,,1.0,0.0,0.0,0.0,Yes
"Gray, Jon",2021,29,149.0,1126,2537,94.9,38.1,6.3,,0.0,0.0,0.0,0.0,No
"Ray, Robbie",2021,29,193.1,1159,3141,94.8,30.8,6.1,95.1,0.0,0.0,0.0,0.0,No
"Smyly, Drew",2021,32,126.2,897,2139,,,42.0,92.1,0.0,0.0,0.0,0.0,No
"Taillon, Jameson",2021,29,144.1,815,2372,93.9,15.3,19.1,94.2,0.0,0.0,0.0,0.0,No
"Walker, Taijuan",2021,28,159.0,724,2547,94.5,21.1,7.3,93.7,0.0,0.0,0.0,0.0,No
"Montas, Frankie",2021,28,187.0,390,3028,96.4,12.9,,96.2,0.0,0.0,0.0,0.0,No
"Rodriguez, Eduardo",2021,28,157.2,220,2721,92.5,8.1,,92.5,0.0,0.0,0.0,0.0,No
"Gonzales, Marco",2021,29,143.1,358,2324,88.4,,15.4,,0.0,0.0,0.0,0.0,No
"Pivetta, Nick",2021,28,155.0,1245,2745,94.8,21.6,23.7,93.3,0.0,0.0,0.0,0.0,No
"Bassitt, Chris",2021,32,157.1,212,2381,93.2,2.4,6.5,92.7,0.0,0.0,0.0,0.0,No
"Davies, Zach",2021,28,148.0,194,2577,,0.6,6.9,88.0,0.0,0.0,0.0,0.0,No
"Houser, Adrian",2021,28,142.1,509,2352,94.1,7.3,14.4,93.6,0.0,0.0,0.0,0.0,No
"López, Jorge",2021,28,121.2,635,2166,95.3,5.6,23.7,95.3,0.0,0.0,0.0,0.0,No
"Musgrove, Joe",2021,28,181.1,1514,2938,93.3,27.8,23.8,93.2,0.0,0.0,0.0,0.0,No
"Nola, Aaron",2021,28,180.2,801,2971,92.9,,27.0,92.0,0.0,0.0,0.0,0.0,No
"Snell, Blake",2021,28,128.2,883,2347,95.1,24.4,13.3,,0.0,0.0,0.0,0.0,No
"Woodruff, Brandon",2021,28,179.1,713,2810,96.5,8.6,16.8,96.2,1.0,0.0,0.0,0.0,Yes
"Rodón, Carlos",2021,28,132.2,642,2219,95.4,27.2,1.7,,0.0,0.0,0.0,0.0,No
"Fedde, Erick",2021,28,133.1,564,2410,93.2,,23.4,93.8,0.0,0.0,0.0,0.0,No
"Freeland, Kyle",2021,28,120.2,804,1886,91.4,22.7,19.9,91.3,0.0,0.0,0.0,0.0,No
"Means, John",2021,28,146.2,577,2328,92.8,8.4,16.4,,0.0,0.0,0.0,0.0,No
"Fried, Max",2021,27,165.2,1208,2558,94.0,21.6,25.6,93.5,0.0,0.0,0.0,0.0,No
"Giolito, Lucas",2021,26,178.2,723,2970,93.8,21.5,2.9,,0.0,0.0,0.0,0.0,No
"Irvin, Cole",2021,27,178.1,486,2682,90.8,14.8,3.3,90.5,0.0,0.0,0.0,0.0,No
"Wacha, Michael",2021,29,124.2,124,1974,93.8,,6.3,94.1,0.0,0.0,0.0,0.0,No
"Márquez, Germán",2021,26,180.0,1256,2788,94.8,26.9,18.2,94.0,0.0,0.0,0.0,0.0,No
"Quantrill, Cal",2021,26,149.2,207,2357,94.4,4.7,4.2,94.3,0.0,0.0,0.0,0.0,No
"Kaprielian, James",2021,27,119.1,516,2024,93.0,17.4,8.1,92.4,0.0,0.0,0.0,0.0,No
"Buehler, Walker",2021,26,207.2,850,3152,95.3,13.8,13.2,95.3,0.0,0.0,0.0,0.0,No
"McCullers Jr., Lance",2021,27,162.1,1413,2788,,25.8,24.9,93.9,0.0,0.0,0.0,0.0,No
"Mills, Alec",2021,29,119.0,446,1936,88.7,12.6,10.4,89.1,0.0,0.0,0.0,0.0,No
"Berríos, José",2021,27,192.0,0,3043,94.1,,,93.8,0.0,0.0,0.0,0.0,No
"Wood, Alex",2021,30,138.2,693,2195,,31.6,,91.8,0.0,0.0,0.0,0.0,No
"Castillo, Luis",2021,28,187.2,550,3164,97.1,17.4,,97.3,0.0,0.0,0.0,0.0,No
"Senzatela, Antonio",2021,26,156.2,906,2405,94.6,31.9,5.8,94.3,0.0,0.0,0.0,0.0,No
"Flexen, Chris",2021,26,179.2,430,2811,92.8,,15.3,,0.0,0.0,0.0,0.0,No
"Urías, Julio",2021,24,185.2,0,2786,94.1,,,94.7,0.0,0.0,0.0,0.0,No
"Crowe, Wil",2021,26,116.2,763,2171,93.7,24.7,10.5,92.9,0.0,0.0,0.0,0.0,No
"Manaea, Sean",2021,29,179.1,444,2980,92.1,14.9,,92.1,0.0,0.0,0.0,0.0,No
"Alzolay, Adbert",2021,26,125.2,800,1955,94.0,39.8,1.1,93.8,0.0,0.0,0.0,0.0,No
"Dunning, Dane",2021,26,117.2,501,1909,90.1,21.6,4.7,90.4,0.0,0.0,0.0,0.0,No
"Keller, Brad",2021,25,133.2,818,2348,94.2,34.8,,93.7,0.0,0.0,0.0,0.0,No
"Mahle, Tyler",2021,26,180.0,841,3196,94.0,26.3,,,0.0,0.0,0.0,0.0,No
"Yarbrough, Ryan",2021,29,155.0,453,2488,86.4,,18.2,85.6,0.0,0.0,0.0,0.0,No
"Peralta, Freddy",2021,25,144.1,878,2356,93.4,26.5,10.8,92.4,0.0,0.0,0.0,0.0,No
"Alcantara, Sandy",2021,25,205.2,826,3095,98.1,24.1,2.6,97.6,0.0,0.0,0.0,0.0,No
"Cease, Dylan",2021,25,165.2,1355,2957,96.7,30.6,15.2,,1.0,0.0,0.0,0.0,Yes
"Montgomery, Jordan",2021,28,157.1,608,2570,92.6,,23.7,92.4,0.0,0.0,0.0,0.0,No
"Webb, Logan",2021,24,148.1,0,2214,93.2,,,92.8,0.0,0.0,0.0,0.0,No
"Ohtani, Shohei",2021,26,130.1,75,2027,95.6,0.3,3.4,,0.0,0.0,0.0,0.0,No
"Bubic, Kris",2021,23,130.0,379,2202,90.9,,17.2,,0.0,0.0,0.0,0.0,No
"Allard, Kolby",2021,23,124.2,227,2054,91.5,,11.1,92.5,1.0,0.0,0.0,0.0,Yes
"Mize, Casey",2021,24,150.1,820,2357,93.9,28.1,6.7,93.2,0.0,0.0,0.0,0.0,No
"McClanahan, Shane",2021,24,123.1,998,1954,96.4,34.7,16.3,,0.0,0.0,0.0,0.0,No
"Singer, Brady",2021,24,128.1,873,2287,92.7,38.2,,93.7,0.0,0.0,0.0,0.0,No
"Brubaker, JT",2021,27,124.1,867,1944,92.9,34.2,10.4,93.4,0.0,0.0,0.0,0.0,No
"Valdez, Framber",2021,27,134.2,644,2090,92.1,,30.8,92.5,1.0,0.0,0.0,0.0,Yes
"Anderson, Ian",2021,23,128.1,460,2175,94.6,,21.1,94.1,0.0,0.0,0.0,0.0,No
"Plesac, Zach",2021,26,142.2,750,2205,92.8,23.1,10.9,,0.0,0.0,0.0,0.0,No
"Gallen, Zac",2021,25,121.1,439,2102,93.4,8.4,12.5,93.3,0.0,0.0,0.0,0.0,No
"Burnes, Corbin",2021,26,167.0,712,2594,96.4,9.2,18.3,96.9,0.0,0.0,0.0,0.0,No
"Gilbert, Logan",2021,24,119.1,654,2125,95.3,23.6,7.2,,0.0,0.0,0.0,0.0,No
"Skubal, Tarik",2021,24,149.1,753,2547,94.3,22.8,6.8,94.5,0.0,0.0,0.0,0.0,No
"Rogers, Trevor",2021,23,133.0,322,2169,94.5,14.8,,94.9,0.0,0.0,0.0,0.0,No
"Garcia, Luis",2021,24,155.1,547,2502,93.3,12.5,9.4,,1.0,0.0,0.0,1.0,Yes
"Wainwright, Adam",2022,40,191.2,963,3133,88.0,0.1,31.7,88.6,0.0,0.0,0.0,0.0,No
"Greinke, Zack",2022,38,137.0,630,2272,89.2,7.4,20.3,89.4,0.0,0.0,0.0,0.0,No
"Verlander, Justin",2022,39,175.0,1229,2607,95.0,28.3,18.8,,0.0,0.0,0.0,0.0,No
"Kluber, Corey",2022,36,164.0,669,2454,88.9,,27.3,88.9,0.0,0.0,0.0,0.0,No
"Hill, Rich",2022,42,124.1,708,1990,88.5,,36.5,87.3,0.0,0.0,0.0,0.0,No
"Morton, Charlie",2022,38,172.0,1103,2903,94.9,,38.0,94.7,0.0,0.0,0.0,0.0,No
"Scherzer, Max",2022,37,145.1,708,2167,94.0,23.4,9.2,,0.0,0.0,0.0,0.0,No
"Cueto, Johnny",2022,36,158.1,405,2372,91.4,16.4,0.6,91.4,0.0,0.0,0.0,0.0,No
"Lynn, Lance",2022,35,121.2,225,2022,92.9,2.5,8.6,91.4,0.0,0.0,0.0,0.0,No
"Carrasco, Carlos",2022,35,152.0,689,2412,93.2,24.5,4.1,91.9,0.0,0.0,0.0,0.0,No
"Quintana, Jose",2022,33,165.2,598,2724,91.2,,22.0,91.4,0.0,0.0,0.0,0.0,No
"Gibson, Kyle",2022,34,167.2,668,2739,92.0,17.7,6.7,91.7,0.0,0.0,0.0,0.0,No
"Cobb, Alex",2022,34,149.2,371,2418,95.3,0.0,15.3,94.8,0.0,0.0,0.0,0.0,No
"Darvish, Yu",2022,35,194.2,1151,2971,95.0,31.5,7.3,94.7,0.0,0.0,0.0,0.0,No
"Bumgarner, Madison",2022,32,158.2,514,2715,91.2,0.2,18.7,90.8,0.0,0.0,0.0,0.0,No
"Kelly, Merrill",2022,33,200.1,420,3071,92.6,0.2,13.5,92.5,0.0,0.0,0.0,0.0,No
"Pérez, Martín",2022,31,196.1,146,2979,92.7,1.4,3.5,92.6,0.0,0.0,0.0,0.0,No
"Anderson, Tyler",2022,32,178.2,32,2576,90.7,,1.2,89.0,0.0,0.0,0.0,0.0,No
"Cole, Gerrit",2022,31,200.2,1092,3274,97.8,22.6,10.8,,0.0,0.0,0.0,0.0,No
"Lyles, Jordan",2022,31,179.0,400,2988,91.8,,13.4,90.8,1.0,0.0,0.0,0.0,Yes
"Stripling, Ross",2022,32,134.1,642,2033,91.9,21.9,9.6,89.9,0.0,0.0,0.0,0.0,No
"Wheeler, Zack",2022,32,153.0,281,2358,95.9,,11.9,95.4,0.0,0.0,0.0,0.0,No
"Corbin, Patrick",2022,32,152.2,772,2623,92.1,29.4,0.0,92.8,0.0,0.0,0.0,0.0,No
"Mikolas, Miles",2022,33,202.1,1457,3152,93.5,25.4,21.1,93.0,0.0,0.0,0.0,0.0,No
"Stroman, Marcus",2022,31,138.2,111,2181,92.6,5.1,,92.0,0.0,0.0,0.0,0.0,No
"Gausman, Kevin",2022,31,174.2,400,2783,95.0,14.4,,,1.0,0.0,0.0,0.0,Yes
"Gray, Jon",2022,30,127.1,95,2062,95.9,0.5,4.1,,0.0,0.0,0.0,0.0,No
"Ray, Robbie",2022,30,189.0,1192,3047,93.4,37.2,1.9,93.3,0.0,0.0,0.0,0.0,No
"Syndergaard, Noah",2022,29,134.2,641,2026,94.1,17.4,14.3,93.6,1.0,0.0,0.0,0.0,Yes
"Taillon, Jameson",2022,30,177.1,937,2805,94.1,18.7,14.8,94.2,0.0,0.0,0.0,0.0,No
"Walker, Taijuan",2022,29,157.1,617,2500,93.7,16.0,8.7,92.9,0.0,0.0,0.0,0.0,No
"Montas, Frankie",2022,29,144.1,362,2327,96.1,15.6,,95.6,0.0,0.0,0.0,0.0,No
"Gonzales, Marco",2022,30,183.0,381,2838,88.5,,13.4,,0.0,0.0,0.0,0.0,No
"Gomber, Austin",2022,28,124.2,859,2059,91.0,24.6,17.1,91.5,0.0,0.0,0.0,0.0,No
"Pivetta, Nick",2022,29,179.2,919,3082,93.4,2.8,27.0,,0.0,0.0,0.0,0.0,No
"Bassitt, Chris",2022,33,181.2,632,2886,93.2,8.0,13.9,92.8,0.0,0.0,0.0,0.0,No
"Bundy, Dylan",2022,29,140.0,754,2180,89.0,24.0,10.6,89.7,0.0,0.0,0.0,0.0,No
"Davies, Zach",2022,29,134.1,156,2292,89.9,0.8,6.0,89.5,0.0,0.0,0.0,0.0,No
"Musgrove, Joe",2022,29,181.0,1232,2834,92.9,24.6,18.9,92.4,0.0,0.0,0.0,0.0,No
"Nola, Aaron",2022,29,205.0,806,3039,92.8,,26.5,92.2,0.0,0.0,0.0,0.0,No
"Snell, Blake",2022,29,128.0,923,2341,95.8,24.3,15.1,,0.0,0.0,0.0,0.0,No
"Springs, Jeffrey",2022,29,135.1,533,2149,91.4,24.8,,90.1,0.0,0.0,0.0,0.0,No
"Thompson, Zach",2022,28,121.2,434,2080,92.3,,20.9,92.2,0.0,0.0,0.0,0.0,No
"Woodruff, Brandon",2022,29,153.1,605,2538,96.3,11.3,12.6,95.8,0.0,0.0,0.0,0.0,No
"Rodón, Carlos",2022,29,178.0,1100,2985,95.5,31.1,5.7,,0.0,0.0,0.0,0.0,No
"Fedde, Erick",2022,29,127.0,698,2420,,,28.8,92.6,0.0,0.0,0.0,0.0,No
"Freeland, Kyle",2022,29,174.2,1141,2839,90.2,22.0,18.2,89.6,0.0,0.0,0.0,0.0,No
"Fried, Max",2022,28,185.1,1125,2818,94.0,18.4,21.5,93.6,0.0,0.0,0.0,0.0,No
"Giolito, Lucas",2022,27,161.2,738,2753,92.6,23.6,3.2,,0.0,0.0,0.0,0.0,No
"Irvin, Cole",2022,28,181.0,541,2610,90.7,,20.7,90.3,0.0,0.0,0.0,0.0,No
"Wacha, Michael",2022,30,127.1,145,1949,93.0,,7.4,92.6,0.0,0.0,0.0,0.0,No
"Márquez, Germán",2022,27,181.2,1219,2839,95.6,20.9,22.1,95.1,0.0,0.0,0.0,0.0,No
"Quantrill, Cal",2022,27,186.1,125,2920,93.5,,4.3,93.6,0.0,0.0,0.0,0.0,No
"Kaprielian, James",2022,28,134.0,791,2230,94.0,23.0,12.5,94.4,0.0,0.0,0.0,0.0,No
"Berríos, José",2022,28,172.0,0,2721,94.0,,,93.9,0.0,0.0,0.0,0.0,No
"Wood, Alex",2022,31,130.2,805,2239,,36.0,,92.4,0.0,0.0,0.0,0.0,No
"Castillo, Luis",2022,29,150.1,528,2506,97.1,21.1,,96.9,0.0,0.0,0.0,0.0,No
"Flexen, Chris",2022,27,137.2,213,2204,91.7,6.1,3.6,92.6,0.0,0.0,0.0,0.0,No
"Suárez, Ranger",2022,26,155.1,283,2564,93.2,3.2,7.8,92.5,0.0,0.0,0.0,0.0,No
"Urías, Julio",2022,25,175.0,0,2622,93.1,,,,0.0,0.0,0.0,0.0,No
"Manaea, Sean",2022,30,158.0,327,2482,91.3,13.1,0.1,90.8,0.0,0.0,0.0,0.0,No
"López, Pablo",2022,26,180.0,235,2910,93.5,,8.1,93.4,0.0,0.0,0.0,0.0,No
"Cortes Jr., Nestor",2022,27,158.1,7,2465,91.8,,0.3,90.7,0.0,0.0,0.0,0.0,No
"Dunning, Dane",2022,27,153.1,678,2548,89.4,26.6,0.0,89.5,0.0,0.0,0.0,0.0,No
"Hudson, Dakota",2022,27,139.2,898,2253,91.3,26.3,13.6,91.9,0.0,0.0,0.0,0.0,No
"Keller, Brad",2022,26,139.2,823,2275,94.5,34.7,1.5,93.4,0.0,0.0,0.0,0.0,No
"Kuhl, Chad",2022,29,137.0,1143,2375,92.9,36.7,11.5,92.8,0.0,0.0,0.0,0.0,No
"Lauer, Eric",2022,27,158.2,888,2676,93.3,17.3,15.9,,0.0,0.0,0.0,0.0,No
"Mahle, Tyler",2022,27,120.2,240,2101,93.2,11.4,,,0.0,0.0,0.0,0.0,No
"Alcantara, Sandy",2022,26,228.2,725,3248,98.0,22.0,0.3,97.8,0.0,0.0,0.0,0.0,No
"Cease, Dylan",2022,26,184.0,1773,3120,96.8,42.9,13.9,96.5,0.0,0.0,0.0,0.0,No
"Keller, Mitch",2022,26,159.0,579,2661,95.5,6.3,15.4,94.4,0.0,0.0,0.0,0.0,No
"Montgomery, Jordan",2022,29,178.1,605,2715,93.0,,22.3,93.0,0.0,0.0,0.0,0.0,No
"Rasmussen, Drew",2022,26,146.0,111,2239,95.5,0.5,4.4,94.9,0.0,0.0,0.0,0.0,No
"Steele, Justin",2022,26,119.0,685,2032,92.2,31.1,2.6,91.7,0.0,0.0,0.0,0.0,No
"Wright, Kyle",2022,26,180.1,1114,2697,95.1,7.2,34.1,94.4,0.0,0.0,0.0,0.0,No
"Otto Jr., Glenn",2022,26,135.2,334,2229,92.1,,15.0,92.2,0.0,0.0,0.0,0.0,No
"Webb, Logan",2022,25,192.1,0,3006,92.4,,,91.8,0.0,0.0,0.0,0.0,No
"Ryan, Joe",2022,26,147.0,576,2391,92.0,17.1,7.0,,0.0,0.0,0.0,0.0,No
"Ohtani, Shohei",2022,27,166.0,285,2629,97.3,2.4,8.5,97.2,0.0,0.0,0.0,0.0,No
"Bubic, Kris",2022,24,129.0,491,2262,91.9,,21.7,,0.0,0.0,0.0,0.0,No
"McKenzie, Triston",2022,24,191.1,1232,2807,92.5,21.9,21.9,,0.0,0.0,0.0,0.0,No
"McClanahan, Shane",2022,25,166.1,960,2463,96.7,15.4,23.5,,0.0,0.0,0.0,0.0,No
"Lynch IV, Daniel",2022,25,131.2,867,2435,94.0,29.6,6.0,93.4,0.0,0.0,0.0,0.0,No
"Sandoval, Patrick",2022,25,148.2,943,2456,93.1,29.2,9.2,93.4,0.0,0.0,0.0,0.0,No
"Singer, Brady",2022,25,153.1,903,2376,92.6,38.0,,93.8,0.0,0.0,0.0,0.0,No
"Brubaker, JT",2022,28,144.0,1121,2381,92.7,31.0,16.0,93.1,0.0,0.0,0.0,0.0,No
"Valdez, Framber",2022,28,201.1,1157,3018,94.0,10.1,28.2,93.9,0.0,0.0,0.0,0.0,No
"Javier, Cristian",2022,25,148.2,919,2554,93.8,27.6,8.4,,0.0,0.0,0.0,0.0,No
"Urquidy, José",2022,27,164.1,371,2640,93.5,,14.1,,0.0,0.0,0.0,0.0,No
"Kremer, Dean",2022,26,125.1,240,1947,93.5,,12.3,91.7,0.0,0.0,0.0,0.0,No
"Manoah, Alek",2022,24,196.2,798,2949,93.9,27.1,,93.3,0.0,0.0,0.0,0.0,No
"Plesac, Zach",2022,27,131.2,746,2153,91.9,24.3,10.4,89.4,0.0,0.0,0.0,0.0,No
"Gallen, Zac",2022,26,184.0,670,2935,94.1,0.9,21.9,94.7,1.0,0.0,0.0,0.0,Yes
"Greene, Hunter",2022,22,125.2,901,2200,98.9,41.0,,,0.0,0.0,0.0,0.0,No
"Wilson, Bryse",2022,24,115.2,451,1825,92.7,11.1,13.6,92.1,0.0,0.0,0.0,0.0,No
"Burnes, Corbin",2022,27,202.0,903,3274,96.1,9.2,18.4,96.2,0.0,0.0,0.0,0.0,No
"Gilbert, Logan",2022,25,185.2,1107,3015,96.1,24.2,12.5,94.7,0.0,0.0,0.0,0.0,No
"Bieber, Shane",2022,27,200.0,1363,2875,91.3,29.5,17.9,,0.0,0.0,0.0,0.0,No
"Kirby, George",2022,24,130.0,465,2092,95.3,8.9,13.3,94.7,0.0,0.0,0.0,0.0,No
"Detmers, Reid",2022,22,129.0,920,2181,93.2,24.0,18.2,93.7,0.0,0.0,0.0,0.0,No
"Strider, Spencer",2022,23,131.2,643,2277,98.2,28.2,,,0.0,0.0,0.0,0.0,No
"Garcia, Luis",2022,25,157.1,467,2468,94.0,8.7,10.2,90.6,1.0,0.0,0.0,0.0,Yes
"Gray, Josiah",2022,24,148.2,1397,2597,94.4,29.0,24.8,94.8,0.0,0.0,0.0,0.0,No
"Bradish, Kyle",2022,25,117.2,850,1993,94.6,29.8,12.9,95.3,0.0,0.0,0.0,0.0,No
